Tweet,Label
😳👇,0
Best so far - Ace! 🤣😂🤣,0
Social Media Ambassadors | WOAR - Women Organized Against Rape,0
"Trump: lets build the wall and deport illegals ""they walk across the border like this is Central park""Me: 😊 🇺🇸😊 🇺🇸😊 🇺🇸😊 🇺🇸😊 🇺🇸",1
".⁦@SenBlumenthal⁩ ➡️ Liar. Just like your “service in Vietnam.” BTW, Liar they’re ILLEGAL Immigrants aka Invaders. Glad I could educate you, dummy. #StopTheInvasion #DeportThemAll   #BuildTheWall",1
The German Government Pays for 3 Week Vacation for Refugees to Go Home -INCLUDING airfare BACK to the very countries that claim they are fleeing because it is unsafe. | Armstrong Economics,0
EU keen to strike deal with Muammar Gaddafi on immigration | World news | The Guardian,0
???????? ???????? Lebanon's Syrian refugees hope to go home despite UN warnings | Al Jazeera English,0
I love this episode. ❤️ ⁦@YvonneOrji⁩ and ⁦@Luvvie⁩. Great job ladies.,0
Vanguard Eighth Annual Event - Immigration Law: Defending Immigrant Rights and Keeping Families Together | Davis Vanguard #immigrationlaw #familyseparation,0
"Report suggests Trump's #MiddleEast team seeks end to Palestinian status as ""refugees"" |",0
"Immigration decline costing UK economy billions, says think thank | The Independent -",0
".⁦@SpeakerRyan⁩ ⁦@HouseGOP⁩ Read this and get a clue, you morons. STOP THE DAMN INVASION‼️  #StopTheInvasion #DeportThemAll #NoAmnesty #BuildTheWall",1
reading and re-reading this lovely conversation between JJLA speaker @user and @user about her novel EVERYONE KNOWS YOU GO HOME for @user 📚⚡️💫,0
